Workbook

Sheet AV Items 202404-202503 Data
A1: Month | B1: Product_Name | C1: Quantity | D1: Avg_Rate | E1: Amount | F1: Demand Type
A2: 45383 | B2: RMS INFUSION SET | C2: 75000 | D2: 9.41344 | E2: 706008 | F2: Regular
A3: 45413 | B3: RMS INFUSION SET | C3: 40000 | D3: 9.456 | E3: 378240 | F3: Regular
A4: 45444 | B4: RMS INFUSION SET | C4: 45000 | D4: 9.3205333 | E4: 419424 | F4: Regular
A5: 45474 | B5: RMS INFUSION SET | C5: 35000 | D5: 9.1642486 | E5: 320748.7 | F5: Regular
A6: 45505 | B6: RMS INFUSION SET | C6: 0 | D6: 9.1642486 | E6: 0 | F6: Regular
A7: 45536 | B7: RMS INFUSION SET | C7: 0 | D7: 9.1642486 | E7: 0 | F7: Regular
A8: 45566 | B8: RMS INFUSION SET | C8: 0 | D8: 9.1642486 | E8: 0 | F8: Regular
A9: 45597 | B9: RMS INFUSION SET | C9: 10000 | D9: 9.19687 | E9: 91968.7 | F9: Regular
A10: 45627 | B10: RMS INFUSION SET | C10: 20000 | D10: 9.19687 | E10: 183937.4 | F10: Regular
A11: 45658 | B11: RMS INFUSION SET | C11: 5000 | D11: 9.19687 | E11: 45984.35 | F11: Regular
A12: 45689 | B12: RMS INFUSION SET | C12: 11500 | D12: 9.4751043 | E12: 108963.7 | F12: Regular
A13: 45717 | B13: RMS INFUSION SET | C13: 15000 | D13: 9.19687 | E13: 137953.05 | F13: Regular
... A697: 45717 | B697: ACCUSURE STRIP G | C697: 0 | D697: 514.5 | E697: 0 | F697: Intermittent

Sheet AV Product Demand Type
A1: AV Product | B1: Demand Type
A2: SAFEWAY NEEDLE 2 | B2: Intermittent
A3: BIOS RL CP 500ML | B3: Intermittent
A4: EXAMINATION GLOV | B4: Intermittent
A5: DRIP SET G-1 | B5: Intermittent
A6: CARE DISPO.SYR 3 | B6: Intermittent
A7: SPPL RL BFS 500 | B7: Intermittent
A8: HI-TECH SYRINGE | B8: Intermittent
A9: CARE DISPO.SYR 5 | B9: Intermittent
A10: I.V.SET (IDEAL) | B10: Intermittent
A11: BD EMERALD SYR 3 | B11: Intermittent
A12: DISPOVAN NEEDLE | B12: Intermittent
... A59: LINETIC 300ML IV | B59: Regular

Sheet Pivot
A3: Product_Name | B3: Average of Avg_Rate | C3: StdDev of Avg_Rate | D3: Max of Avg_Rate | E3: Min of Avg_Rate
A4: ACCU CHEK ACTIVE | B4: 927.03929 | C4: 197.70725 | D4: 1410 | E4: 700.66
A5: ACCUSURE STRIP G | B5: 514.5 | C5: 0 | D5: 514.5 | E5: 514.5
A6: ACCUSURE STRIP S | B6: 481.9739 | C6: 27.404079 | D6: 514.5 | E6: 431.44557
A7: BD EMERALD SYR 3 | B7: 3.4162194 | C7: 1.1610878 | D7: 7.0921053 | E7: 3
A8: BD EMERALD SYR.5 | B8: 3.6143333 | C8: 0.11452616 | D8: 3.74 | E8: 3.51
A9: BD INSULIN SYR U | B9: 38.570694 | C9: 28.383483 | D9: 66.5 | E9: 7.425
A10: BD NEEDLE 24*1 | B10: 117.40424 | C10: 54.243572 | D10: 143 | E10: 1.38
A11: BD PEN NEEDLE 31 | B11: 29.584553 | C11: 25.389691 | D11: 63.95 | E11: 11.02732
A12: BD SPINAL NEEDLE | B12: 63.908333 | C12: 3.0998705 | D12: 67.42 | E12: 61.4
A13: BEURER HEARING A | B13: 881.25 | C13: 33.920026 | D13: 900 | E13: 825
A14: BIOS RL BFS 500M | B14: 11.9 | C14: #NUM! | D14: 11.9 | E14: 11.9
A15: BIOS RL CP 500ML | B15: 12.647087 | C15: 0.094265195 | D15: 12.722226 | E15: 12.460694
A16: BIPAP (T-20) DIA | B16: 21006 | C16: 360.5753 | D16: 22000 | E16: 20536
A17: BPL NEBULIZER BR | B17: 840.00187 | C17: 125.33395 | D17: 960 | E17: 720
A18: CARE DISPO. SYR. | B18: 80.8 | C18: 47.397583 | D18: 107 | E18: 2.2
A19: CARE DISPO.SYR 3 | B19: 68.550375 | C19: 40.775178 | D19: 93.7545 | E19: 0.95
A20: CARE DISPO.SYR 5 | B20: 83.5375 | C20: 49.687021 | D20: 113 | E20: 1.15
A21: DISPOVAN NEEDLE | B21: 83.217156 | C21: 24.300826 | D21: 143.5 | E21: 64
A22: DISPOVAN SYR 1ML | B22: 333.41383 | C22: 3.661739 | D22: 343.766 | E22: 327.2
A23: DISPOVAN SYR 2ML | B23: 167.025 | C23: 2.6261361 | D23: 170 | E23: 164.9
A24: DISPOVAN SYR 3ML | B24: 188.6125 | C24: 2.9505412 | D24: 191 | E24: 185.27
A25: DISPOVAN SYR 5ML | B25: 219.225 | C25: 3.4294248 | D25: 222 | E25: 215.34
A26: DRIP SET G-1 | B26: 2.5833917 | C26: 0.93501261 | D26: 3.7 | E26: 1.6965
... A37: INFI NEBULIZER C | B37: 684.43296 | C37: 44.660603 | D37: 759.43 | E37: 611.32562
A38: LINETIC 300ML IV | B38: 52.2 | C38: #NUM! | D38: 52.2 | E38: 52.2
A39: NEOMOL IV 100ML | B39: 22.347083 | C39: 0.92944621 | D39: 23.4 | E39: 21.595
A40: OMRON NEBULIZER | B40: 1058.5 | C40: 3.5032452 | D40: 1060 | E40: 1051
A41: OXYGEN CONCENTRA | B41: 27827.498 | C41: 3888.615 | D41: 33928.57 | E41: 23215
A42: POCT BP MONITOR | B42: 709.22833 | C42: 8.6774471 | D42: 725 | E42: 700
A43: POP BANDAGE 15CM | B43: 32.25 | C43: 0.8660254 | D43: 35 | E43: 32
A44: PRIME CANNULA 22 | B44: 4.155 | C44: 0.36200201 | D44: 4.93 | E44: 4
A45: PRIME I.V.SET | B45: 6.9774415 | C45: 0.29337611 | D45: 7.5896489 | E45: 6.75
A46: RMS BLOOD AD SET | B46: 14.1904 | C46: 0 | D46: 14.1904 | E46: 14.1904
A47: RMS FOLEY TRAC F | B47: 22.579107 | C47: 0.56784459 | D47: 23.553882 | E47: 22.04
A48: RMS INFUSION SET | B48: 9.2591293 | C48: 0.12228872 | D48: 9.4751043 | E48: 9.1642486
A49: RMS PEDIA DRIP-P | B49: 41.630398 | C49: 1.0835474e-05 | D49: 41.630417 | E49: 41.630389
A50: SAFEWAY NEEDLE 2 | B50: 42.72515 | C50: 0.72527389 | D50: 44 | E50: 41.58
... A62: Grand Total | B62: 1271.3587 | C62: 4560.1275 | D62: 33928.57 | E62: 0.95

Sheet Rate_Variability_Analysis
A1: Product | B1: Mean_Rate | C1: Max_Rate | D1: Min_Rate | E1: StdDev _Rate | F1: CV_Rate
A2: BD PEN NEEDLE 31 | B2: 29.584553 | C2: 63.95 | D2: 11.02732 | E2: 25.389691 | F2: =E2/B2 -> 0.85820768
A3: BD INSULIN SYR U | B3: 38.570694 | C3: 66.5 | D3: 7.425 | E3: 28.383483 | F3: =E3/B3 -> 0.7358821
A4: CARE DISPO.SYR 3 | B4: 68.550375 | C4: 93.7545 | D4: 0.95 | E4: 40.775178 | F4: =E4/B4 -> 0.59482065
A5: CARE DISPO.SYR 5 | B5: 83.5375 | C5: 113 | D5: 1.15 | E5: 49.687021 | F5: =E5/B5 -> 0.59478702
A6: CARE DISPO. SYR. | B6: 80.8 | C6: 107 | D6: 2.2 | E6: 47.397583 | F6: =E6/B6 -> 0.58660375
A7: SAFEWAY SYR. 5ML | B7: 127.16509 | C7: 179 | D7: 13.824785 | E7: 68.696653 | F7: =E7/B7 -> 0.54021628
A8: BD NEEDLE 24*1 | B8: 117.40424 | C8: 143 | D8: 1.38 | E8: 54.243572 | F8: =E8/B8 -> 0.46202395
A9: ACCU CHEK ACTIVE | B9: 927.03929 | C9: 1410 | D9: 700.66 | E9: 197.70725 | F9: =E9/B9 -> 0.21326739
A10: ACCUSURE STRIP G | B10: 514.5 | C10: 514.5 | D10: 514.5 | E10: 0 | F10: =E10/B10 -> 0
A11: ACCUSURE STRIP S | B11: 481.9739 | C11: 514.5 | D11: 431.44557 | E11: 27.404079 | F11: =E11/B11 -> 0.056858015
A12: BD EMERALD SYR 3 | B12: 3.4162194 | C12: 7.0921053 | D12: 3 | E12: 1.1610878 | F12: =E12/B12 -> 0.33987507
A13: BD EMERALD SYR.5 | B13: 3.6143333 | C13: 3.74 | D13: 3.51 | E13: 0.11452616 | F13: =E13/B13 -> 0.031686664
... A59: WHEEL CHAIR WITH | B59: 4712.0517 | C59: 5600 | D59: 4099 | E59: 516.4517 | F59: =E59/B59 -> 0.1096023

Sheet HI-TECH SYRINGE
A1: Month | B1: Month | C1: Product_Name | D1: Quantity | E1: Avg_Rate
A2: 45383 | B2: 45383 | C2: HI-TECH SYRINGE | D2: 0 | E2: 106.48269
A3: 45413 | B3: 45413 | C3: HI-TECH SYRINGE | D3: 1026 | E3: 108.53696
A4: 45444 | B4: 45444 | C4: HI-TECH SYRINGE | D4: 12 | E4: 254.47667
A5: 45474 | B5: 45474 | C5: HI-TECH SYRINGE | D5: 792 | E5: 107.14802
A6: 45505 | B6: 45505 | C6: HI-TECH SYRINGE | D6: 0 | E6: 107.14802
A7: 45536 | B7: 45536 | C7: HI-TECH SYRINGE | D7: 0 | E7: 107.14802
A8: 45566 | B8: 45566 | C8: HI-TECH SYRINGE | D8: 1320 | E8: 103.57639
A9: 45597 | B9: 45597 | C9: HI-TECH SYRINGE | D9: 0 | E9: 103.57639
A10: 45627 | B10: 45627 | C10: HI-TECH SYRINGE | D10: 442 | E10: 131.60783
A11: 45658 | B11: 45658 | C11: HI-TECH SYRINGE | D11: 1120 | E11: 112.57715
A12: 45689 | B12: 45689 | C12: HI-TECH SYRINGE | D12: 60 | E12: 254.4765
A13: 45717 | B13: 45717 | C13: HI-TECH SYRINGE | D13: 39 | E13: 100.89769

Sheet OXYGEN CONCENTRA
A1: Month | B1: Month | C1: Product_Name | D1: Quantity | E1: Avg_Rate
A2: 45383 | B2: 45383 | C2: OXYGEN CONCENTRA | D2: 0 | E2: 33928.57
A3: 45413 | B3: 45413 | C3: OXYGEN CONCENTRA | D3: 0 | E3: 33928.57
A4: 45444 | B4: 45444 | C4: OXYGEN CONCENTRA | D4: 0 | E4: 33928.57
A5: 45474 | B5: 45474 | C5: OXYGEN CONCENTRA | D5: 1 | E5: 26785.71
A6: 45505 | B6: 45505 | C6: OXYGEN CONCENTRA | D6: 0 | E6: 26785.71
A7: 45536 | B7: 45536 | C7: OXYGEN CONCENTRA | D7: 0 | E7: 26785.71
A8: 45566 | B8: 45566 | C8: OXYGEN CONCENTRA | D8: 2 | E8: 26339.285
A9: 45597 | B9: 45597 | C9: OXYGEN CONCENTRA | D9: 0 | E9: 26339.285
A10: 45627 | B10: 45627 | C10: OXYGEN CONCENTRA | D10: 0 | E10: 26339.285
A11: 45658 | B11: 45658 | C11: OXYGEN CONCENTRA | D11: 0 | E11: 26339.285
A12: 45689 | B12: 45689 | C12: OXYGEN CONCENTRA | D12: 1 | E12: 23215
A13: 45717 | B13: 45717 | C13: OXYGEN CONCENTRA | D13: 0 | E13: 23215

Sheet EXAMINATION GLOV
A1: Month | B1: Month | C1: Product_Name | D1: Quantity | E1: Avg_Rate
A2: 45383 | B2: 45383 | C2: EXAMINATION GLOV | D2: 880 | E2: 112.81818
A3: 45413 | B3: 45413 | C3: EXAMINATION GLOV | D3: 1200 | E3: 125.45956
A4: 45444 | B4: 45444 | C4: EXAMINATION GLOV | D4: 1620 | E4: 135.14815
A5: 45474 | B5: 45474 | C5: EXAMINATION GLOV | D5: 0 | E5: 135.14815
A6: 45505 | B6: 45505 | C6: EXAMINATION GLOV | D6: 0 | E6: 135.14815
A7: 45536 | B7: 45536 | C7: EXAMINATION GLOV | D7: 1640 | E7: 89.414634
A8: 45566 | B8: 45566 | C8: EXAMINATION GLOV | D8: 0 | E8: 89.414634
A9: 45597 | B9: 45597 | C9: EXAMINATION GLOV | D9: 1020 | E9: 86
A10: 45627 | B10: 45627 | C10: EXAMINATION GLOV | D10: 0 | E10: 86
A11: 45658 | B11: 45658 | C11: EXAMINATION GLOV | D11: 1020 | E11: 84
A12: 45689 | B12: 45689 | C12: EXAMINATION GLOV | D12: 2712 | E12: 113.43363
A13: 45717 | B13: 45717 | C13: EXAMINATION GLOV | D13: 0 | E13: 113.43363

Sheet FLAM.WHEEL CHAIR
A1: Month | B1: Month | C1: Product_Name | D1: Quantity | E1: Avg_Rate
A2: 45383 | B2: 45383 | C2: FLAM.WHEEL CHAIR | D2: 6 | E2: 4812.7
A3: 45413 | B3: 45413 | C3: FLAM.WHEEL CHAIR | D3: 0 | E3: 4812.7
A4: 45444 | B4: 45444 | C4: FLAM.WHEEL CHAIR | D4: 10 | E4: 4812.7
A5: 45474 | B5: 45474 | C5: FLAM.WHEEL CHAIR | D5: 0 | E5: 4812.7
A6: 45505 | B6: 45505 | C6: FLAM.WHEEL CHAIR | D6: 10 | E6: 4455
A7: 45536 | B7: 45536 | C7: FLAM.WHEEL CHAIR | D7: 0 | E7: 4455
A8: 45566 | B8: 45566 | C8: FLAM.WHEEL CHAIR | D8: 0 | E8: 4455
A9: 45597 | B9: 45597 | C9: FLAM.WHEEL CHAIR | D9: 10 | E9: 3700
A10: 45627 | B10: 45627 | C10: FLAM.WHEEL CHAIR | D10: 0 | E10: 3700
A11: 45658 | B11: 45658 | C11: FLAM.WHEEL CHAIR | D11: 10 | E11: 3700
A12: 45689 | B12: 45689 | C12: FLAM.WHEEL CHAIR | D12: 0 | E12: 3700
A13: 45717 | B13: 45717 | C13: FLAM.WHEEL CHAIR | D13: 0 | E13: 3700

Sheet Summary
A1: Product_Name | B1: Mean_Rate | C1: Max_Rate | D1: Min_Rate | E1: CV_Rate | F1: Recommended_Buy_Month | G1: Potential_Saving_%
A2: HI-TECH SYRINGE | B2: =VLOOKUP($A2,Rate_Variability_Analysis!$A$2:$F$59,2,FALSE) -> 133.13769 | C2: =VLOOKUP($A2,Rate_Variability_Analysis!$A$2:$F$59,3,FALSE) -> 254.47667 | D2: =VLOOKUP($A2,Rate_Variability_Analysis!$A$2:$F$59,4,FALSE) -> 100.89769 | E2: =VLOOKUP($A2,Rate_Variability_Analysis!$A$2:$F$59,6,FALSE) -> 0.429692 | F2: Mar | G2: =(B2-D2)/D2 -> 0.31953161
A3: EXAMINATION GLOV | B3: =VLOOKUP($A3,Rate_Variability_Analysis!$A$2:$F$59,2,FALSE) -> 108.78489 | C3: =VLOOKUP($A3,Rate_Variability_Analysis!$A$2:$F$59,3,FALSE) -> 135.14815 | D3: =VLOOKUP($A3,Rate_Variability_Analysis!$A$2:$F$59,4,FALSE) -> 84 | E3: =VLOOKUP($A3,Rate_Variability_Analysis!$A$2:$F$59,6,FALSE) -> 0.19253555 | F3: Jan | G3: =(B3-D3)/D3 -> 0.29505824
A4: OXYGEN CONCENTRA | B4: =VLOOKUP($A4,Rate_Variability_Analysis!$A$2:$F$59,2,FALSE) -> 27827.498 | C4: =VLOOKUP($A4,Rate_Variability_Analysis!$A$2:$F$59,3,FALSE) -> 33928.57 | D4: =VLOOKUP($A4,Rate_Variability_Analysis!$A$2:$F$59,4,FALSE) -> 23215 | E4: =VLOOKUP($A4,Rate_Variability_Analysis!$A$2:$F$59,6,FALSE) -> 0.13974001 | F4: Feb-Mar | G4: =(B4-D4)/D4 -> 0.19868612
A5: FLAM.WHEEL CHAIR | B5: =VLOOKUP($A5,Rate_Variability_Analysis!$A$2:$F$59,2,FALSE) -> 4259.65 | C5: =VLOOKUP($A5,Rate_Variability_Analysis!$A$2:$F$59,3,FALSE) -> 4812.7 | D5: =VLOOKUP($A5,Rate_Variability_Analysis!$A$2:$F$59,4,FALSE) -> 3700 | E5: =VLOOKUP($A5,Rate_Variability_Analysis!$A$2:$F$59,6,FALSE) -> 0.12062206 | F5: Nov-Mar | G5: =(B5-D5)/D5 -> 0.15125676
